<?xml version="1.0" ?>
<LOG_ROOT>
	<PROJECT NAME="TP_Fibonacci">
		<CBX_INST_ENTRY INSTANCE_NAME="|TP_Fibonacci|dec_binaire:inst2|lpm_divide:Div2" CBX_FILE_NAME="lpm_divide_4om.tdf"/>
		<CBX_INST_ENTRY INSTANCE_NAME="|TP_Fibonacci|dec_binaire:inst2|lpm_divide:Mod1" CBX_FILE_NAME="lpm_divide_8gm.tdf"/>
		<CBX_INST_ENTRY INSTANCE_NAME="|TP_Fibonacci|dec_binaire:inst2|lpm_divide:Mod5" CBX_FILE_NAME="lpm_divide_8gm.tdf"/>
		<CBX_INST_ENTRY INSTANCE_NAME="|TP_Fibonacci|dec_binaire:inst2|lpm_divide:Div1" CBX_FILE_NAME="lpm_divide_qmm.tdf"/>
		<CBX_INST_ENTRY INSTANCE_NAME="|TP_Fibonacci|dec_binaire:inst2|lpm_divide:Div3" CBX_FILE_NAME="lpm_divide_8om.tdf"/>
		<CBX_INST_ENTRY INSTANCE_NAME="|TP_Fibonacci|dec_binaire:inst2|lpm_divide:Mod0" CBX_FILE_NAME="lpm_divide_8gm.tdf"/>
		<CBX_INST_ENTRY INSTANCE_NAME="|TP_Fibonacci|dec_binaire:inst2|lpm_divide:Mod2" CBX_FILE_NAME="lpm_divide_8gm.tdf"/>
		<CBX_INST_ENTRY INSTANCE_NAME="|TP_Fibonacci|dec_binaire:inst2|lpm_divide:Mod4" CBX_FILE_NAME="lpm_divide_8gm.tdf"/>
		<CBX_INST_ENTRY INSTANCE_NAME="|TP_Fibonacci|dec_binaire:inst2|lpm_divide:Div0" CBX_FILE_NAME="lpm_divide_nmm.tdf"/>
		<CBX_INST_ENTRY INSTANCE_NAME="|TP_Fibonacci|dec_binaire:inst2|lpm_divide:Div4" CBX_FILE_NAME="lpm_divide_bom.tdf"/>
		<CBX_INST_ENTRY INSTANCE_NAME="|TP_Fibonacci|dec_binaire:inst2|lpm_divide:Mod3" CBX_FILE_NAME="lpm_divide_8gm.tdf"/>
	</PROJECT>
</LOG_ROOT>
